,username
0,"01net
Vérifié"
1,0pheliegrd_nutrition
2,0sucre_et_igbas
3,50ansbelleetrebelle
4,6.sur.6
5,750_green
6,750grammes
7,__ba2b__
8,__bigwill__
9,_amandine_diet
10,_au_petit_potager_
11,_ham_dog
12,_lily_and_co
13,_sandy.yoga_
14,_silentworker
15,a2studio_architects
16,addict_healthylife
17,adidasparis
18,adidasrunners
19,adventures_of_tata_alex
20,af_immobilier_
21,afoodstoryy
22,agence_voltfit
23,aiki_sharefitness
24,alaisedansmoncorps
25,alangrz_
26,alary.chocolatier_rodez
27,aleop.io
28,alexa_fit_ness
29,alexandremallier
30,alexlevand
31,alexsmati2
32,alicia_mapr6
33,alivingirl
34,alizee.james
35,alizeebois
36,alizou2b
37,altheaprov
38,amadietetique
39,amandine_recipes
40,amandinecooking
41,amaurylaunay.pro
42,amelie_gartner
43,anaatuse
44,andre_abrahami
45,andrewcoatesfitness
46,angel_in_coaching
47,angel_yogaflow
48,angele_pa
49,anglais.france
50,antho_weiss
51,antoine_peytavin
52,antoinetami
53,aparteimmobilier
54,"aqababe
Vérifié"
55,aquitaniacontest
56,arte_asuivre
57,asstgabriel
58,athletebefore
59,atouts_gourmands
60,au_moulin_de_l_epine
61,audrey.kaczorek
62,aurelien_coaching
63,aytenyoga
64,backfromholidays_contest
65,bad.bearded.bear
66,bailly.photographie
67,baki_hd
68,bali.reve
69,bali.training.camp.cf.casteu
70,batting_raja_03_
71,bazingafit
72,bbpandou
73,be_on_the_ball
74,bemor_performance
75,ben_thibault
76,benharper
77,bennywfit
78,betteryoucom
79,bible_du_personal_trainer
80,bigk_coach
81,bike_and_little_things
82,bipokk
83,biscott_healthy_foodandlife
84,blablacarfr
85,blabladiet
86,black_panther_wild
87,bobstache_training
88,"bodum
Vérifié"
89,bodysphere
90,bordeauxmaville
91,bourr_
92,boverbarcelona
93,bowlcake_and_co
94,br2tw
95,bruno.personal.trainer
96,brunoglockman
97,brunomaltor
98,brutofficiel
99,bullemayadeco
100,busseade
101,by_cynthia_ka
102,byflorab
103,cabaneajus
104,cacharelparfums
105,cagivano
106,cakeandaspargus
107,camillejoun
108,capdagdemediterranee
109,caro13270
110,caroline.demets
111,casteu.contest
112,catiamoreira_04
113,cecilefit_life
114,cecmadelaine
115,celia.dietetique
116,celinea.diet
117,cerveauetpsycho
118,cf_first_time
119,cfccompetitor
120,cfcwinter
121,cfileccia
122,cg_personaltrainer
123,challengebyvirginie.mumfit
124,charlesollivon
125,charlie_fitcook
126,charlinedieteticienne
127,charlottedisset
128,charly_evt
129,choupi.fit
130,chrismachetto
131,chrismeiruns
132,christian.francoise
133,cklemss9
134,claire_mum_fit__
135,claudiapersonaltrainer
136,clem_bfit
137,clem_et_cookioche
138,"clem_tf1
Vérifié"
139,clement_n_dieteticien
140,clement_naveilhan
141,clement_personaltrainer
142,clementale_
143,coach_bras_casses
144,coaching_dsr
145,coachingflau
146,coachmoix
147,compressport
148,couteaux_suisses_du_web
149,crepesnshakes_
150,cristinalaboyfit
151,crossfit.manakaha
152,crossfit_rive_gauche
153,crossfitaltisea
154,crossfitfrance
155,crossfitgerland
156,crossfitgiants
157,crossfitgigean
158,crossfitlesenfantsdelabarre
159,crossfitrethymno
160,crust.agency
161,ctschristophecarrio
162,cuisine_lovers_and_co
163,cuisinetonequilibre
164,curvessaintchamond
165,cyril_lignac
166,dakiti_4ltrophy
167,dame.bio
168,damien_coach
169,davfit_coach_sportif
170,davfit_coaching
171,davfit_nutrition
172,davidferreiracoach
173,dcolmet.landscape
174,deauvilleus
175,decathlon
176,delph_fit59
177,destockagogo
178,detruireleskilos
179,dia_wel9
180,dianeleyreoff
181,dianeseg
182,didierdinart33
183,didierreiss
184,dietdedingue
185,dietefit38
186,dietetiqueplaisir
187,dim31220
188,dimemeraud
189,"disneyfr
Vérifié"
190,docteur_squat
191,domainedutempsperdu
192,domyos_official
193,dopesnow
194,douglas_coaching
195,dounialhr
196,drakkar.la_serie
197,drgood_officiel
198,dromfit
199,eatwith
200,eatwithflower
201,edfmhandball
202,elenimallyoga
203,eliott.sageat
204,elitefts
205,elle_vie____vit
206,elles_sassument_off
207,elodiiie_fit
208,elsallonge
209,emeline_en_cuisine_
210,emiestellato
211,emiliea_fit
212,emilien_mary
213,emotionsbycrystal
214,endur_activ
215,escaleasete2022
216,espaceviking
217,espritsciencemetaphysiques
218,essan.nfc
219,etrehrx
220,eva_nutrition_sante
221,excusemyfrenchtraining
222,f.ck_cancer_contest
223,famillehealthy
224,fati.curly
225,fatsecretfrance
226,femininfit
227,fiitfightforever_app
228,fisioterapiapaulabueno
229,fit_by_alexia
230,fit_mode_and_co
231,fit_nanouche
232,fit_university.fr
233,fit_vybz
234,fitby.cindy
235,fitbyclem
236,fitclip.squad
237,fitness.et.calories
238,fitnessflo.pro
239,fitspau
240,florent_dorizon
241,food.e.pizza
242,foodie_mxn
243,foodieinspi
244,foodtoaud
245,foooodiiizz
246,foxy.cooking
247,francky_motive
248,francoiiserqs_
249,francoisjudic
250,fredericdelavierofficiel
251,freeletics.nicole
252,freeleticsmarleen
253,fromophelietoaphrodite
254,fytnessbreak
255,g_pierrecoaching
256,gab_villiere
257,gael_lefebvre
258,gaelle.authenticmedia
259,"galafr
Vérifié"
260,galinette.throwdown
261,geraudevolution
262,ginie.healthylife
263,gioiadeco
264,giuliamonego
265,globaltrainingformation
266,gomybody
267,gossiproomoff
268,gotha_bordeaux
269,gourmandeethealthy
270,gourmandiz_healthy
271,gravel_kim
272,greenandpositive
273,gregchipponicoaching
274,grosgui_fit
275,"gstarraw
Vérifié"
276,guihome_vous_detend
277,guillaume_du_potager_permacole
278,gymbrother5
279,hannabens.diet
280,happy_yogii
281,happycoachbyaurelie
282,healfit_by_s
283,health_muscle_gain
284,healthfit_challenge
285,healthyfood_creation
286,helfitofood
287,hemery_corentin
288,hemtonkine
289,herveline_pro_trainer
290,houseoftrainers.fr
291,houss_d69
292,hozelock_fr
293,hugodecrypte
294,hummel_fr
295,hustlerscall
296,iampaulkalkbrenner
297,iamwillgeorges
298,ici_lilly
299,ideatech.news
300,imagine.manon
301,imtarzan_
302,infocoupleoff
303,informayoga
304,intersportfr
305,investmentor.fr
306,ipmsacademy
307,irisb119
308,irresistiblesfrancais
309,isa_motiv_
310,ivry_boxingclub
311,izakaya_caen
312,japhet_fit
313,jardindescocagnous
314,jbaptisten
315,jennwerner_
316,jerome_se7en
317,jessicaavetter
318,jessicamellet
319,jiang_coaching
320,jimmy_decom
321,jm_latelierfit
322,jobifit
323,johanna.milesicoach
324,jojoparisfood
325,jujufitcats
326,julie_cfs
327,julien.bbr
328,julien.minet
329,julien_coaching
330,julien_ferre_uft
331,julya66
332,junecoach74
333,justice_gouv
334,jutikino
335,k.fit.10_
336,kands_coach
337,kara.bellum
338,kathia_so.fit
339,kentinmahe35
340,kevlaar_diet
341,kgym.paris
342,kim_labz
343,"kinderfr
Vérifié"
344,kingsbox_france
345,kleinernomade_tiny_houses
346,komeko_sans_gluten
347,"konbini
Vérifié"
348,"koro_fr
Vérifié"
349,koudetat.co
350,kswiss_fit
351,la_tole47
352,labobinegrenoble
353,laboratoire_unae
354,laboutiqueroucadil
355,lacasadelastapasrouen
356,lacliniqueducoureureurope
357,lagguitars
358,lalignegourmande
359,larchipelle
360,lasantedanslassiette
361,latitanati
362,lau_diet
363,laura_dllt
364,laura_laauu
365,lauraday_fit
366,laurent.jalabert
367,lauriebabois
368,laviedunefitmum
369,lbab_murat
370,lbctraining_
371,le.potager.de.quentin
372,le.saviez.vous.astuces
373,le_micro_potager_urbain_ecolo
374,le_permaculteur
375,le_squat__
376,le_vahine_club
377,leaderfit_formation
378,lecollectionist
379,ledoc.pm
380,lejardinpotagerdubonheur
381,lenamahfouf
382,lesacduberger
383,leslie_fit_nice
384,lgdcoaching
385,liguebutagazenergie
386,lilian.douchet
387,lillifit_is_here
388,lincey_coaching
389,listekelf
390,livionna02
391,liviotridoli
392,loi_de_lattraction
393,lolotambouille
394,loskikitosfit
395,lovaquitaine
396,lovefood_by_chris
397,lucabalo19
398,lucas_muny_
399,lucie.permaculture
400,lucie_werner
401,lucilewoodward
402,luciscooking
403,luismoravids
404,lululemoneurope
405,lya_powerlift
406,m0rganeir0c
407,ma_vie_au_jardin
408,madame_connasse_off
409,madetox_
410,maelmarcucetti
411,maelys_lfe
412,mai__lan
413,mail0ves
414,maitressadeline
415,makeupbyrifah
416,malatraining_
417,malik.bng
418,malino_au_service_des_pros
419,mamace_home
420,mamajob_
421,maman_se_remet_en_forme
422,manon.smartlife
423,margaux.coaching
424,marinesch_fit
425,"marinlle
Vérifié"
426,mario_bracco
427,mario_ricardo_r
428,marion_cst33
429,marjolainecooking
430,marmiton_org
431,masdak_
432,mathi_smt
433,mathildemodelephoto
434,maudloarec_mua
435,maxiavalanche
436,maxifoot
437,maxime_lrnt
438,maximecoaching
439,mayb_gains
440,maybelline_fr
441,mcm1989
442,mcu_bordeaux
443,melanie__coaching
444,melanielord_
445,melinamuertes
446,melleclem
447,melouu68
448,mes_delicieuses_creations
449,mes_recettes_healthy
450,mgh_groupe
451,miameur_family
452,millionaire_riche
453,mincirsanscardio
454,mincirsanseffort
455,mindgymtrainer
456,mm.healthy
457,mms.training
458,mobileburger
459,momo_le_cuistot
460,mon_haltere_ego_
461,monpetitcoinvert
462,monsieurcuisine_healthy
463,monsportalamaison
464,moonaroundfrance
465,mopersonaltrainer
466,motivation.reussite__
467,mrs_fit_life
468,mtvgermany
469,musculaffitte
470,my_best_body_coaching
471,mydiet_moussier
472,myprettysun.fr
473,myproteinfr
474,n.trainer_
475,najbfit
476,nassim.sahili
477,natgeowildfr
478,natureautonomie
479,nelloux
480,nelly.model33
481,"netflixfr
Vérifié"
482,nico___coaching
483,nina_coach_sportif
484,"nocco
Vérifié"
485,nordictrack_france
486,norepphotography
487,nsg_coaching
488,nutrimuscle
489,nutrition_coaching_performance
490,objectif.meconnaissable
491,objectif.reequilibrage
492,objectif_10kilos
493,objectif_billionaire
494,objectif_fitness_off
495,objectif_libre_independant
496,oceanemone
497,oceaniezeros
498,ohhmypassport
499,olga_eremchenko_007
500,oli_up
501,olivierlbd
502,ops_coaching
503,orianaconseil
504,ouimuscle
505,padovani_trainer
506,pal_and_co
507,pannacotech
508,partagestesrecettes
509,pascal_mahadev_thimon
510,passeportsante
511,pauline_mapr6
512,paulinebudynski_dieteticienne
513,paulinehlf_
514,paulinevaast
515,paulmirabel
516,peg_le_guen_
517,pekinexpressofficiel
518,pelissier.bastien
519,perform.trainer
520,philou_fit34
521,physic.home
522,pierre.lecultivateur
523,plaisiretdiete
524,plumetis.tapissier
525,pocruises
526,poemes_citationscelebres
527,polettelevallois
528,potagerneration
529,poupiau
530,pow_wow_battle
531,powercampgymnastics
532,powercampweightlifting
533,princessetchatcha
534,privatesportshop
535,promessedefleurs
536,psychologuenet
537,ptitecuisinedepauline
538,puckmoonen
539,pwrdbycoffeefrance
540,racetohonor
541,rachelcuisine
542,ragnar_le_breton_
543,recettes.fitness.express
544,redonmanushi
545,redouanebougheraba
546,remi_ragnar
547,remyhuleux
548,repas_du_quotidien
549,repasminceur
550,riadh.senpai
551,rirevip
552,rittayoga
553,rocioccamacho
554,romain_katchavenda
555,romainfellonneau
556,romanekov
557,romukp
558,ronan.lgrl
559,rousse_marion
560,rys.smartlife
561,saamueldesousa
562,sabinetisserand
563,saindelicieux
564,saine_abondance
565,salongregorynicollon
566,samharrisorg
567,samwearsconfidence
568,sandra_stz
569,sandrine_healthy
570,santeplusmag
571,sarah_lbhl
572,sarahrivs
573,scantexteampoland
574,sciencesofsport
575,scopterrevivante
576,scrapcooking_officiel
577,shefit_coaching
578,shopbasiclines
579,simplyrunner
580,sissymua
581,sisy.idees.repas
582,slight_pearl
583,smartandstrong_
584,smartlife.coaching
585,so_foodiee
586,softlunch
587,solid.success
588,sophiecovas
589,sossopost
590,souris_manfredi_
591,spelt_restaurant
592,sport_andlife
593,sportavenirsante
594,sportiv_didine
595,squats_et_aromates
596,stacjabalans
597,steffeneleven
598,stephane.ossanga
599,stmartindheres
600,studiogde
601,svetlanakizhnerova
602,sylviatassa_
603,syncprotein
604,t_iiiff
605,tacoachnathi
606,takethepower_july
607,tanita_fr
608,tatiana_membre
609,teamtrainsweateat
610,tedxinsa
611,the.powerinstitute
612,the_fitsapiens
613,the_scientist_magazine
614,thebarbellphysio
615,thefitfeline
616,theo.riffault
617,thepanash
618,theprehabguys
619,theprepdad
620,thescienti_fit
621,theshakershow
622,thibaut_garrivier
623,thomas.wrkt
624,thomasvaresi
625,tiboinshape
626,tiffany_s_kitchen
627,tikmotivation
628,tiphaine.charles
629,tomtelliercoaching
630,toncoachthomas
631,tonton_tomtom
632,topvassyone
633,travelpiwka
634,truefitnessknowledge
635,tuvasprendresoindetoi
636,twinsb_fit
637,ubb_girls
638,uber.money
639,ujus_media
640,une_maman_a_mille_a_lheure
641,unicornthrowdown
642,ur.fairy.wrld
643,vaincreparkinson.trailtour
644,valin_food
645,valp.coach
646,vancatmeow
647,vanessa17708
648,vanille_ducruet
649,vasilismotivation
650,vassilis.iliopoulos
651,veijomarin
652,vieillescharruesofficiel
653,viken_quantitrading
654,vikingslgs
655,villedevillerssurmer
656,vincentluistri
657,vincentveryfat
658,virginie_miss
659,virgintonicoff
660,vivremieuxoff
661,votrecoachjordan
662,walkowiak_team_gostyn
663,waul.real
664,we_nutrition
665,westwingfr
666,wild_soul_trainer
667,willmealapp
668,win.a.diet
669,wisosansgluten
670,with.clem
671,wodnews
672,wop_pow
673,workoutmagazine
674,wys_training
675,xiaomi.france
676,xmiya89x
677,xoxo_nanacouture
678,yam_nutrition
679,yannlenen
680,yaoo_yogis
681,yax75
682,yo__coaching
683,yo_nutri
684,yoga_with_carole
685,yoganizer_
686,yogawithmalaia
687,yohan_naturopathe
688,yohanctfit
689,you.r.possible
690,ysalinediet
693,hugo_wsport
694,kevin_druot
695,karine_ds03
696,myl_la
697,elisabeth_loncke
698,jiovaniebrown
699,gaetanc_coach
700,coach.ade
701,elodiiie_fit
702,vladmethod
703,wildcoaching
704,thomasvaresi
705,jonathan.jover